{
  "success": 1,
  "errorCode": null,
  "message": "",
  "data": [{
    "id": 1,
    "x": 121.465461,
    "y": 28.56246274,
    "name": "花园里A3665"
  },{
    "id": 2,
    "x": 121.4653868,
    "y": 28.562870,
    "name": "花园里A6655"
  },{
    "id": 3,
    "x": 121.465933,
    "y": 28.562516,
    "name": "花园里A3481"
  }]
}