{
  "success":1,
  "errorCode":null,
  "message":"",
  "data":[{
    "x": 120.36125,
    "y": 28.014326,
    "id": "1",
    "num": 21
  }, {
    "x": 120.415152,
    "y": 27.99750,
    "id": "2",
    "num": 20
  }, {
    "x": 120.432662,
    "y": 28.03561,
    "id": "3",
    "num": 18
  }, {
    "x": 120.37910,
    "y":  28.074064,
    "id": "4",
    "num": 22
  }]
}