{
    "success":1,
    "errorCode":null,
    "message":"",
    "data":[{
        "id":"1","x":120.6320561,"y":27.78546,"type":1
    },{
        "id":"1","x":120.5420561,"y":27.82546,"type":1
    },{
        "id":"1","x":120.6020561,"y":27.80546,"type":1
    },{
        "id":"1","x":120.5020561,"y":27.81546,"type":1
    }]
}