{
    "success": 1,
    "errorCode": null,
    "message": "",
    "data": [
        {
            "x":120.67733489428713,
            "y":28.020330031738283,
            "id":"1",
            "type": 1
        },
        {
            "x":120.63126286245017,
            "y":28.068108493332417,
            "id":"1",
            "type": 1
        },
        {
            "x":120.59143742299705,
            "y":28.04304593229726,
            "id":"1",
            "type": 2
        },
        {
            "x":120.67932804799705,
            "y":28.097634250168355,
            "id":"1",
            "type": 2
        }
    ]
}