{
    "success":1,
    "errorCode":null,
    "message":"",
    "data":[{
        "id":"1","x":120.64516284840585,"y":27.792156507015225,"type":1
    },{
        "id":"2","x":120.6471369542408,"y":27.77280168676376,"type":2
    }]
  }