{
    "success":1,
    "errorCode":null,
    "message":"",
    "data":[{
        "id":"1","x":120.63105837,"y":27.7848603473813,"type":1
    }]
  }