{
    "success":1,
    "errorCode":null,
    "message":"",
    "data":[{
        "id":"1","x":120.63906886952401,"y":27.777393628597256,"type":1,"peopleType": 0
    },{
        "id":"2","x":120.63112953083993,"y":27.78426008367538,"type":2,"peopleType": 0
    }]
  }