{
    "success":1,
    "errorCode":null,
    "message":"",
    "data":[{
        "id":"1","x":120.63911178486825,"y":27.781942655086514,"type":1
    },{
        "id":"2","x":120.64786651509286,"y":27.78129892492294,"type":2
    }]
  }