{
  "success":1,
  "errorCode":null,
  "message":"",
  "data":[[120.66095,28.014882],[120.655807,28.017285],[120.6520,28.02277],[120.64258,28.01986],[120.63795,28.01745],[120.62937,28.017285],[120.620322,28.01950],[120.6206,28.02328]]
}