{
    "success":1,
    "errorCode":null,
    "message":"",
    "data":[{
        "id":"1","x":120.647890654974,"y":27.79080936753749,"type":1
    },{
        "id":"2","x":120.64319708350184,"y":27.773557399153702,"type":2
    }]
  }