{
    "success":1,
    "errorCode":null,
    "message":"",
    "data":[{
        "id":"1","x":120.63763388770104,"y":27.782762740492817,"type":1
    },{
        "id":"2","x":120.64149626868249,"y":27.774265502333638,"type":2
    }]
  }