{
    "success":1,
    "errorCode":null,
    "message":"",
    "data":[{
        "id":"1","x":120.65110930579186,"y":27.782333587050434,"type":1
    },{
        "id":"2","x":120.63510188239098,"y":27.786861155867573,"type":2
    }]
  }