{
  "success":1,
  "errorCode":null,
  "message":"",
  "data":[{
    "id":"1","x":121.04038775,"y":28.250828143,"type":1
  },{
    "id":"2","x":120.955243,"y":28.134785050,"type":2
  }]
}