{
  "success":1,
  "errorCode":null,
  "message":"",
  "data":[{
    "id":"1","x":120.9102684,"y":28.1883434,"type":1
  },{
    "id":"2","x":121.13136828,"y":28.35313832,"type":2
  }]
}